climate,quantity,kind,point_estimate,ci_lo_2.5,ci_hi_97.5,ci_width,bootstrap_median,bootstrap_sd,excludes_zero,point_outside_ci,bootstrap_mean_minus_point,n_nonfinite_replicates,block_length_days,n_resamples,n_days,calendar,scheme,note
PD test,F,level,0.0782930761585557,0.07213448348823237,0.08474102797755868,0.012606544489326313,0.07821982962937349,0.003216078761673573,,False,-2.606861699461227e-05,0,60,10000,1096,"native (1096 d, 29 Feb retained)",within-climate circular moving-block; one index array shared by every quantity of that climate,
PD test,M,level,0.008941998977822269,0.008275064546616386,0.009626097703302847,0.0013510331566864604,0.008934928423528265,0.0003440941859035865,,False,-2.680044215892796e-06,0,60,10000,1096,"native (1096 d, 29 Feb retained)",within-climate circular moving-block; one index array shared by every quantity of that climate,
PD test,B,level,0.00030990620210856175,0.0003269159728250923,0.00045414583411270456,0.00012722986128761227,0.00037102347098692015,3.24689926805773e-05,,True,6.573759349725862e-05,0,60,10000,1096,"native (1096 d, 29 Feb retained)",within-climate circular moving-block; one index array shared by every quantity of that climate,
PD test,V,level,0.00863209277571371,0.007921674940156909,0.009198547219053305,0.0012768722788963956,0.008565171261067994,0.00032578093829226475,,False,-6.841763771315255e-05,0,60,10000,1096,"native (1096 d, 29 Feb retained)",within-climate circular moving-block; one index array shared by every quantity of that climate,
PD test,E_in,level,0.000921338863638266,0.0008110280281053775,0.001032987733867193,0.0002219597057618154,0.0009202682831324367,5.6490875748685513e-05,,False,-4.922743328818723e-07,0,60,10000,1096,"native (1096 d, 29 Feb retained)",within-climate circular moving-block; one index array shared by every quantity of that climate,
PD test,E_out,level,0.038492948836718874,0.03555541931969499,0.04153023884048923,0.00597481952079424,0.03846180682681101,0.0015209951590944434,,False,-1.2684122988208812e-05,0,60,10000,1096,"native (1096 d, 29 Feb retained)",within-climate circular moving-block; one index array shared by every quantity of that climate,
PD test,B_over_M,level,0.03465737391350454,0.03748246497627785,0.049017777631560656,0.011535312655282806,0.041599767225744946,0.002946614659983181,,True,0.007344786275685765,0,60,10000,1096,"native (1096 d, 29 Feb retained)",within-climate circular moving-block; one index array shared by every quantity of that climate,B recomputed inside each resample (mean of the resampled days)
MH,F,level,0.09086951761143222,0.08330062324738872,0.09909531537734853,0.015794692129959806,0.09077317244535094,0.004036662903453279,,False,1.2914205775940713e-05,0,60,10000,1096,"native (1096 d, 29 Feb retained)",within-climate circular moving-block; one index array shared by every quantity of that climate,
MH,M,level,0.012793673641607576,0.011940416285953064,0.01366969110539337,0.0017292748194403067,0.012791896519900167,0.00044195498931616186,,False,1.497130680790451e-06,0,60,10000,1096,"native (1096 d, 29 Feb retained)",within-climate circular moving-block; one index array shared by every quantity of that climate,
MH,B,level,0.0023335392176574146,0.002027556512791222,0.0029294172203636203,0.0009018607075723982,0.0024147397608059286,0.00023214161940051165,,False,9.740943912419893e-05,0,60,10000,1096,"native (1096 d, 29 Feb retained)",within-climate circular moving-block; one index array shared by every quantity of that climate,
MH,V,level,0.010460134423950163,0.009656636162390823,0.011048237313417397,0.0013916011510265742,0.010367850855124983,0.00035569748142145574,,False,-9.591230844340805e-05,0,60,10000,1096,"native (1096 d, 29 Feb retained)",within-climate circular moving-block; one index array shared by every quantity of that climate,
MH,E_in,level,0.0011316870786756813,0.000994071414383223,0.0012773158780913336,0.0002832444637081105,0.0011304732489794132,7.252507561169264e-05,,False,1.3530645207298492e-07,0,60,10000,1096,"native (1096 d, 29 Feb retained)",within-climate circular moving-block; one index array shared by every quantity of that climate,
MH,E_out,level,0.0450129330422585,0.041538126029330734,0.048765422706185835,0.007227296676855101,0.04496621457453801,0.0018580696987467054,,False,5.3112940766944505e-06,0,60,10000,1096,"native (1096 d, 29 Feb retained)",within-climate circular moving-block; one index array shared by every quantity of that climate,
MH,B_over_M,level,0.18239790094912847,0.1634189178719689,0.2220007367515374,0.05858181887956848,0.1889461315712137,0.015106455049373208,,False,0.0074455092159090575,0,60,10000,1096,"native (1096 d, 29 Feb retained)",within-climate circular moving-block; one index array shared by every quantity of that climate,B recomputed inside each resample (mean of the resampled days)
SSP5-8.5,F,level,0.07364986161522649,0.06939660770694374,0.07813372576917846,0.00873711806223472,0.07362174262824925,0.0022399746439525007,,False,4.002849937012609e-06,0,60,10000,1096,"native (1096 d, 29 Feb retained)",within-climate circular moving-block; one index array shared by every quantity of that climate,
SSP5-8.5,M,level,0.025830101657311744,0.0252452901829761,0.02642776723415742,0.0011824770511813208,0.025824603272167665,0.00030314025886281375,,False,-1.4006691026954843e-06,0,60,10000,1096,"native (1096 d, 29 Feb retained)",within-climate circular moving-block; one index array shared by every quantity of that climate,
SSP5-8.5,B,level,0.016816724299385636,0.01661890043037164,0.017294375987054997,0.0006754755566833574,0.016927908579795224,0.0001739783231356023,,False,0.0001183949498919229,0,60,10000,1096,"native (1096 d, 29 Feb retained)",within-climate circular moving-block; one index array shared by every quantity of that climate,
SSP5-8.5,V,level,0.009013377357926105,0.008328389510378124,0.009326687635108268,0.0009982981247301445,0.008918259581853074,0.00025571666660126373,,False,-0.00011979561899461144,0,60,10000,1096,"native (1096 d, 29 Feb retained)",within-climate circular moving-block; one index array shared by every quantity of that climate,
SSP5-8.5,E_in,level,0.0012742627801738437,0.0011743148975664845,0.0013792225833613274,0.00020490768579484284,0.001273296642093131,5.240913405064315e-05,,False,1.790269225016624e-07,0,60,10000,1096,"native (1096 d, 29 Feb retained)",within-climate circular moving-block; one index array shared by every quantity of that climate,
SSP5-8.5,E_out,level,0.036479735088052044,0.034421618565699766,0.03866083593624998,0.004239217370550212,0.03646915569085678,0.0010822891824291308,,False,4.9788871573086535e-06,0,60,10000,1096,"native (1096 d, 29 Feb retained)",within-climate circular moving-block; one index array shared by every quantity of that climate,
SSP5-8.5,B_over_M,level,0.6510514175473759,0.6444425020525896,0.671756945695823,0.027314443643233433,0.6548076542422951,0.007021213222525576,,False,0.004667141684792542,0,60,10000,1096,"native (1096 d, 29 Feb retained)",within-climate circular moving-block; one index array shared by every quantity of that climate,B recomputed inside each resample (mean of the resampled days)
MH - PD test,delta_F,delta,0.012576441452876522,0.0026583387134133407,0.02282274303471509,0.02016440432130175,0.012591834957901608,0.005164713588917211,True,False,3.898282277055645e-05,0,60,10000,1096,"native (1096 d, 29 Feb retained)",within-climate circular moving-block; one index array shared by every quantity of that climate,"UNPAIRED: independent block resamples of two different simulations, differenced. This DIFFERS from the paired scheme used for delta-RMSE in Appendix B."
MH - PD test,delta_M,delta,0.0038516746637853073,0.0027787480249676926,0.004940272529801533,0.0021615245048338407,0.0038594932319438785,0.0005588058816441807,True,False,4.177174896683681e-06,0,60,10000,1096,"native (1096 d, 29 Feb retained)",within-climate circular moving-block; one index array shared by every quantity of that climate,"UNPAIRED: independent block resamples of two different simulations, differenced. This DIFFERS from the paired scheme used for delta-RMSE in Appendix B."
MH - PD test,delta_B,delta,0.002023633015548853,0.0016461375087077135,0.0025529292935037194,0.0009067917847960058,0.0020386491217569405,0.0002332799461519636,True,False,3.167184562694004e-05,0,60,10000,1096,"native (1096 d, 29 Feb retained)",within-climate circular moving-block; one index array shared by every quantity of that climate,"UNPAIRED: independent block resamples of two different simulations, differenced. This DIFFERS from the paired scheme used for delta-RMSE in Appendix B."
MH - PD test,delta_V,delta,0.001828041648236453,0.0008391828659975221,0.002735304193552265,0.0018961213275547428,0.0018081247116771447,0.0004834660115740017,True,False,-2.7494670730255277e-05,0,60,10000,1096,"native (1096 d, 29 Feb retained)",within-climate circular moving-block; one index array shared by every quantity of that climate,"UNPAIRED: independent block resamples of two different simulations, differenced. This DIFFERS from the paired scheme used for delta-RMSE in Appendix B."
MH - PD test,delta_E_in,delta,0.00021034821503741535,3.211334615418043e-05,0.0003928393891266526,0.00036072604297247217,0.00021142014182401155,9.207492287450862e-05,True,False,6.275807849549114e-07,0,60,10000,1096,"native (1096 d, 29 Feb retained)",within-climate circular moving-block; one index array shared by every quantity of that climate,"UNPAIRED: independent block resamples of two different simulations, differenced. This DIFFERS from the paired scheme used for delta-RMSE in Appendix B."
MH - PD test,delta_E_out,delta,0.0065199842055396265,0.001916540819938404,0.011275615357973797,0.009359074538035392,0.00653796286027105,0.0024036866583296607,True,False,1.7995417064911937e-05,0,60,10000,1096,"native (1096 d, 29 Feb retained)",within-climate circular moving-block; one index array shared by every quantity of that climate,"UNPAIRED: independent block resamples of two different simulations, differenced. This DIFFERS from the paired scheme used for delta-RMSE in Appendix B."
SSP5-8.5 - PD test,delta_F,delta,-0.004643214543329208,-0.012458269262817318,0.0030039385324465017,0.015462207795263819,-0.004571593999191076,0.003933218180969505,False,False,3.007146693163182e-05,0,60,10000,1096,"native (1096 d, 29 Feb retained)",within-climate circular moving-block; one index array shared by every quantity of that climate,"UNPAIRED: independent block resamples of two different simulations, differenced. This DIFFERS from the paired scheme used for delta-RMSE in Appendix B."
SSP5-8.5 - PD test,delta_M,delta,0.016888102679489474,0.01596793809006431,0.01778888678153959,0.0018209486914752791,0.01689121294634676,0.00046088651875089834,True,False,1.2793751132042508e-06,0,60,10000,1096,"native (1096 d, 29 Feb retained)",within-climate circular moving-block; one index array shared by every quantity of that climate,"UNPAIRED: independent block resamples of two different simulations, differenced. This DIFFERS from the paired scheme used for delta-RMSE in Appendix B."
SSP5-8.5 - PD test,delta_B,delta,0.016506818097277075,0.016235282791267788,0.01692440338884347,0.0006891205975756813,0.016551996919380738,0.00017691064102646548,True,False,5.265735639466487e-05,0,60,10000,1096,"native (1096 d, 29 Feb retained)",within-climate circular moving-block; one index array shared by every quantity of that climate,"UNPAIRED: independent block resamples of two different simulations, differenced. This DIFFERS from the paired scheme used for delta-RMSE in Appendix B."
SSP5-8.5 - PD test,delta_V,delta,0.00038128458221239545,-0.0005113828083836085,0.001118792649443593,0.0016301754578272017,0.00033886785171542266,0.00041681064877905185,False,False,-5.137798128145634e-05,0,60,10000,1096,"native (1096 d, 29 Feb retained)",within-climate circular moving-block; one index array shared by every quantity of that climate,"UNPAIRED: independent block resamples of two different simulations, differenced. This DIFFERS from the paired scheme used for delta-RMSE in Appendix B."
SSP5-8.5 - PD test,delta_E_in,delta,0.0003529239165355777,0.00020418353152500856,0.0005043152047978042,0.00030013167327279567,0.0003531569216332364,7.722709495709893e-05,True,False,6.713012553834804e-07,0,60,10000,1096,"native (1096 d, 29 Feb retained)",within-climate circular moving-block; one index array shared by every quantity of that climate,"UNPAIRED: independent block resamples of two different simulations, differenced. This DIFFERS from the paired scheme used for delta-RMSE in Appendix B."
SSP5-8.5 - PD test,delta_E_out,delta,-0.0020132137486668297,-0.0056941548646404425,0.0016422944254200621,0.007336449290060504,-0.0019988780072655934,0.0018718868552191868,False,False,1.7663010145525706e-05,0,60,10000,1096,"native (1096 d, 29 Feb retained)",within-climate circular moving-block; one index array shared by every quantity of that climate,"UNPAIRED: independent block resamples of two different simulations, differenced. This DIFFERS from the paired scheme used for delta-RMSE in Appendix B."
