climate,quantity,method,estimate,ci_lo_95,ci_hi_95,units,reference,interpretation,bootstrap,block_length_days,n_resamples
present_day,bilinear_rmse_K,Bilinear,0.7006977149031087,0.6937045606242738,0.7072387887601719,RMSE (K),—,lower is better,"paired circular moving-block bootstrap; climates independent; fixed draw order PD, MH, SSP5-8.5",60,10000
present_day,cca_rmse_K,CCA,0.29535584490850575,0.28361869265254547,0.3071748226235892,RMSE (K),—,lower is better,"paired circular moving-block bootstrap; climates independent; fixed draw order PD, MH, SSP5-8.5",60,10000
present_day,unet_rmse_K,U-Net,0.1985303217913822,0.19070578386170448,0.20631642142514806,RMSE (K),—,lower is better,"paired circular moving-block bootstrap; climates independent; fixed draw order PD, MH, SSP5-8.5",60,10000
present_day,cca_rmse_skill_vs_bilinear,CCA,0.5784832194731118,0.5636518136366735,0.5935500871088771,dimensionless,Bilinear,1 - RMSE_method/RMSE_reference; positive = improvement,"paired circular moving-block bootstrap; climates independent; fixed draw order PD, MH, SSP5-8.5",60,10000
present_day,unet_rmse_skill_vs_bilinear,U-Net,0.7166676609563803,0.7067170514289624,0.7269534185063443,dimensionless,Bilinear,1 - RMSE_method/RMSE_reference; positive = improvement,"paired circular moving-block bootstrap; climates independent; fixed draw order PD, MH, SSP5-8.5",60,10000
present_day,delta_rmse_K,CCA−U-Net,0.09682552311712356,0.09270920403883896,0.10100326854452478,ΔRMSE (K),CCA,ΔRMSE=RMSE_CCA−RMSE_UNet; positive = U-Net better,"paired circular moving-block bootstrap; climates independent; fixed draw order PD, MH, SSP5-8.5",60,10000
present_day,rmse_skill_vs_cca,U-Net,0.3278266700532634,0.32522252736522284,0.3303080522416148,dimensionless,CCA,1 - RMSE_method/RMSE_reference; positive = improvement,"paired circular moving-block bootstrap; climates independent; fixed draw order PD, MH, SSP5-8.5",60,10000
mid_holocene,bilinear_rmse_K,Bilinear,0.7193696817532335,0.7103985020362616,0.7281585455889777,RMSE (K),—,lower is better,"paired circular moving-block bootstrap; climates independent; fixed draw order PD, MH, SSP5-8.5",60,10000
mid_holocene,cca_rmse_K,CCA,0.32196768662127706,0.30872088329866226,0.33561549041597943,RMSE (K),—,lower is better,"paired circular moving-block bootstrap; climates independent; fixed draw order PD, MH, SSP5-8.5",60,10000
mid_holocene,unet_rmse_K,U-Net,0.2148129914776442,0.2062208716598564,0.223713064930605,RMSE (K),—,lower is better,"paired circular moving-block bootstrap; climates independent; fixed draw order PD, MH, SSP5-8.5",60,10000
mid_holocene,cca_rmse_skill_vs_bilinear,CCA,0.552430836622717,0.5373873275723575,0.5676141083121795,dimensionless,Bilinear,1 - RMSE_method/RMSE_reference; positive = improvement,"paired circular moving-block bootstrap; climates independent; fixed draw order PD, MH, SSP5-8.5",60,10000
mid_holocene,unet_rmse_skill_vs_bilinear,U-Net,0.7013872079328907,0.6914195331337801,0.7113842560635386,dimensionless,Bilinear,1 - RMSE_method/RMSE_reference; positive = improvement,"paired circular moving-block bootstrap; climates independent; fixed draw order PD, MH, SSP5-8.5",60,10000
mid_holocene,delta_rmse_K,CCA−U-Net,0.10715469514363285,0.1024770214490219,0.11193771052895107,ΔRMSE (K),CCA,ΔRMSE=RMSE_CCA−RMSE_UNet; positive = U-Net better,"paired circular moving-block bootstrap; climates independent; fixed draw order PD, MH, SSP5-8.5",60,10000
mid_holocene,rmse_skill_vs_cca,U-Net,0.3328119547278555,0.33013227223002234,0.3352086153947766,dimensionless,CCA,1 - RMSE_method/RMSE_reference; positive = improvement,"paired circular moving-block bootstrap; climates independent; fixed draw order PD, MH, SSP5-8.5",60,10000
ssp585,bilinear_rmse_K,Bilinear,0.6763885225851939,0.6672605611704049,0.6858576647506928,RMSE (K),—,lower is better,"paired circular moving-block bootstrap; climates independent; fixed draw order PD, MH, SSP5-8.5",60,10000
ssp585,cca_rmse_K,CCA,0.31540444387167926,0.3077724183847271,0.3231641046872502,RMSE (K),—,lower is better,"paired circular moving-block bootstrap; climates independent; fixed draw order PD, MH, SSP5-8.5",60,10000
ssp585,unet_rmse_K,U-Net,0.1943038825347285,0.18867690899046305,0.2000952834833435,RMSE (K),—,lower is better,"paired circular moving-block bootstrap; climates independent; fixed draw order PD, MH, SSP5-8.5",60,10000
ssp585,cca_rmse_skill_vs_bilinear,CCA,0.5336933828117215,0.5214859014844848,0.5448174243287515,dimensionless,Bilinear,1 - RMSE_method/RMSE_reference; positive = improvement,"paired circular moving-block bootstrap; climates independent; fixed draw order PD, MH, SSP5-8.5",60,10000
ssp585,unet_rmse_skill_vs_bilinear,U-Net,0.7127333196365631,0.7035491503695361,0.7210653670128035,dimensionless,Bilinear,1 - RMSE_method/RMSE_reference; positive = improvement,"paired circular moving-block bootstrap; climates independent; fixed draw order PD, MH, SSP5-8.5",60,10000
ssp585,delta_rmse_K,CCA−U-Net,0.12110056133695077,0.11844697630975524,0.12363595240920323,ΔRMSE (K),CCA,ΔRMSE=RMSE_CCA−RMSE_UNet; positive = U-Net better,"paired circular moving-block bootstrap; climates independent; fixed draw order PD, MH, SSP5-8.5",60,10000
ssp585,rmse_skill_vs_cca,U-Net,0.38395325015211246,0.3788737955275135,0.3890900686848684,dimensionless,CCA,1 - RMSE_method/RMSE_reference; positive = improvement,"paired circular moving-block bootstrap; climates independent; fixed draw order PD, MH, SSP5-8.5",60,10000
ssp585,SSP585_change_vs_PD__bilinear_rmse_K,Bilinear,-0.02430919231791484,-0.0355864886039775,-0.012650721189646713,K,PD test,SSP5-8.5 minus PD; sign as for the base quantity,"paired circular moving-block bootstrap; climates independent; fixed draw order PD, MH, SSP5-8.5",60,10000
ssp585,SSP585_change_vs_PD__cca_rmse_K,CCA,0.020048598963173514,0.0057829985697134875,0.03418587231758582,K,PD test,SSP5-8.5 minus PD; sign as for the base quantity,"paired circular moving-block bootstrap; climates independent; fixed draw order PD, MH, SSP5-8.5",60,10000
ssp585,SSP585_change_vs_PD__unet_rmse_K,U-Net,-0.004226439256653697,-0.013840136225777965,0.005515852432555698,K,PD test,SSP5-8.5 minus PD; sign as for the base quantity,"paired circular moving-block bootstrap; climates independent; fixed draw order PD, MH, SSP5-8.5",60,10000
ssp585,SSP585_change_vs_PD__cca_rmse_skill_vs_bilinear,CCA,-0.04478983666139025,-0.0642292290758429,-0.026433365415052333,dimensionless,PD test,change in 1 - RMSE_method/RMSE_reference; positive = improvement,"paired circular moving-block bootstrap; climates independent; fixed draw order PD, MH, SSP5-8.5",60,10000
ssp585,SSP585_change_vs_PD__unet_rmse_skill_vs_bilinear,U-Net,-0.003934341319817292,-0.017745780640546716,0.008925445702585568,dimensionless,PD test,change in 1 - RMSE_method/RMSE_reference; positive = improvement,"paired circular moving-block bootstrap; climates independent; fixed draw order PD, MH, SSP5-8.5",60,10000
ssp585,SSP585_change_vs_PD__delta_rmse_K,CCA−U-Net,0.02427503821982721,0.019210624203391997,0.029167718889617864,K,PD test,SSP5-8.5 minus PD; sign as for the base quantity,"paired circular moving-block bootstrap; climates independent; fixed draw order PD, MH, SSP5-8.5",60,10000
ssp585,SSP585_change_vs_PD__rmse_skill_vs_cca,U-Net,0.05612658009884908,0.050509460023718256,0.06189722497610163,dimensionless,PD test,change in 1 - RMSE_method/RMSE_reference; positive = improvement,"paired circular moving-block bootstrap; climates independent; fixed draw order PD, MH, SSP5-8.5",60,10000
present_day,bilinear_rmse_unet_pipeline_K,Bilinear (U-Net pipeline),0.7006977123102703,0.6937045570264163,0.7072387901103386,RMSE (K),—,lower is better,"paired circular moving-block bootstrap; climates independent; fixed draw order PD, MH, SSP5-8.5",60,10000
mid_holocene,bilinear_rmse_unet_pipeline_K,Bilinear (U-Net pipeline),0.7193696893914974,0.7103985062234865,0.7281585564346945,RMSE (K),—,lower is better,"paired circular moving-block bootstrap; climates independent; fixed draw order PD, MH, SSP5-8.5",60,10000
ssp585,bilinear_rmse_unet_pipeline_K,Bilinear (U-Net pipeline),0.6763885121967639,0.6672605495946021,0.6858576553542894,RMSE (K),—,lower is better,"paired circular moving-block bootstrap; climates independent; fixed draw order PD, MH, SSP5-8.5",60,10000
