climate,region,period,bilinear_rmse_K,cca_rmse_K,unet_rmse_K,delta_rmse_K,rmse_skill_unet_vs_cca
present_day,global,annual,0.7006977149031081,0.29535584490850564,0.1985303217913822,0.09682552311712345,0.32782667005326316
present_day,global,DJF,0.7161793320048374,0.33340069596793115,0.22290650753607055,0.1104941884318606,0.33141559021367106
present_day,global,MAM,0.6959559551603043,0.2870729018765286,0.19339801399619483,0.09367488788033379,0.32631045030026484
present_day,global,JJA,0.706960908757354,0.27069812852739744,0.18058997878502378,0.09010814974237366,0.3328731906369784
present_day,global,SON,0.6833626335116961,0.2871891142352334,0.19525987353286703,0.09192924070236638,0.3201000182307334
present_day,land,annual,1.2076322288493222,0.45944459959906486,0.30780268133415317,0.1516419182649117,0.33005484969731336
present_day,land,DJF,1.2255488418228837,0.5372062231846041,0.35892987033989093,0.17827635284471316,0.3318583165099537
present_day,land,MAM,1.2067467409824422,0.4414758968740385,0.2974816832809756,0.14399421359306291,0.3261655157453527
present_day,land,JJA,1.2194070234509675,0.4021409024253727,0.2637416561206862,0.13839924630468653,0.3441561041664245
present_day,land,SON,1.1782911671366028,0.4477016635482185,0.3044329352212796,0.14326872832693888,0.32000937229376303
present_day,ocean,annual,0.3053262534931843,0.19055564283013543,0.12909561281902812,0.06146003001110731,0.32253062201833527
present_day,ocean,DJF,0.3259669958523732,0.19545454801451614,0.1309462641316503,0.06450828388286584,0.3300423783337848
present_day,ocean,MAM,0.29113160147726547,0.19015700057110607,0.12804568249384,0.06211131807726608,0.3266317721184321
present_day,ocean,JJA,0.3064563421741181,0.1921321661658675,0.1319914115406444,0.060140754625223114,0.3130176264879232
present_day,ocean,SON,0.2969003275877947,0.18433059753914927,0.12528583126077536,0.059044766278373906,0.3203199418145086
present_day,elevation_gt_1000m,annual,1.802019417204022,0.5706211005345729,0.3956118955602723,0.17500920497430061,0.30669949781097716
present_day,elevation_gt_1000m,DJF,1.7699894322234628,0.673057558662569,0.472896862461442,0.20016069620112698,0.2973901616956294
present_day,elevation_gt_1000m,MAM,1.8328356177001968,0.5536548980475724,0.383759607983386,0.1698952900641864,0.3068613511111542
present_day,elevation_gt_1000m,JJA,1.835042259439928,0.47916898942205444,0.31708783296618565,0.1620811564558688,0.3382546868305514
present_day,elevation_gt_1000m,SON,1.768100082710456,0.5616836782055761,0.3947097095313001,0.166973968674276,0.2972740265619105
present_day,elevation_le_1000m,annual,0.5179027095332002,0.2607116983552595,0.17306394719366877,0.08764775116159071,0.3361864914943604
present_day,elevation_le_1000m,DJF,0.5487967181254235,0.2890136489995371,0.1887584866306396,0.10025516236889748,0.34688729309479105
present_day,elevation_le_1000m,MAM,0.5020089254760007,0.2535705773826253,0.1688893112940121,0.08468126608861318,0.3339554098219897
present_day,elevation_le_1000m,JJA,0.517731224326014,0.2462596430805673,0.16468977518610337,0.08156986789446394,0.33123522341733114
present_day,elevation_le_1000m,SON,0.5020736584567032,0.25228252372681065,0.1691650134062022,0.08311751032060843,0.32946202175547423
present_day,tropics,annual,0.5786223653018834,0.17129851998691908,0.1263288408407538,0.04496967914616529,0.26252228652996723
present_day,tropics,DJF,0.5703288872249148,0.1736614843239827,0.12625061317719877,0.04741087114678394,0.2730074047872023
present_day,tropics,MAM,0.5808367922575338,0.17392779490879665,0.12811457545489566,0.04581321945390099,0.2634036697695402
present_day,tropics,JJA,0.5861482929281288,0.1686095208402749,0.1252125171661551,0.04339700367411978,0.2573816914836624
present_day,tropics,SON,0.5768923419017967,0.1689390818016704,0.12571044429821793,0.04322863750345246,0.255882990735096
present_day,midlat_north,annual,0.9804329237128753,0.3889009948895289,0.2685374419372327,0.12036355295229617,0.30949664447756586
present_day,midlat_north,DJF,1.0015500006045954,0.47123363541900204,0.3252818053865706,0.14595183003243145,0.30972286157514406
present_day,midlat_north,MAM,0.9945333667298898,0.3809520770654813,0.26451905630596656,0.11643302075951473,0.3056369233012509
present_day,midlat_north,JJA,0.9891040348152691,0.32493723716550404,0.21838350265361695,0.1065537345118871,0.32792097157401157
present_day,midlat_north,SON,0.9350304738648374,0.3650943892370514,0.25596533045957875,0.10912905877747264,0.2989064252823027
present_day,midlat_south,annual,0.382663829586822,0.18301680533829104,0.12460841644583437,0.05840838889245667,0.3191422163909686
present_day,midlat_south,DJF,0.38458503206824723,0.1797549835141099,0.11777458472428701,0.061980398789822894,0.34480489819052906
present_day,midlat_south,MAM,0.3699413559859437,0.18030239033983114,0.12321307102376487,0.05708931931606627,0.31663096206581187
present_day,midlat_south,JJA,0.38749231053826977,0.19367126468021312,0.13531776979410273,0.058353494886110385,0.3013017702056252
present_day,midlat_south,SON,0.3884443787145495,0.1777900572318399,0.1212719792888482,0.05651807794299171,0.31789223099968744
present_day,highlat_north,annual,0.9577341223644237,0.567780418121764,0.3533008722191256,0.21447954590263846,0.3777508682179349
present_day,highlat_north,DJF,1.2062342102730033,0.7317733416108697,0.45797580182090525,0.27379753978996446,0.3741562096089037
present_day,highlat_north,MAM,0.7989952886467356,0.5194426153340904,0.324565103207664,0.1948775121264264,0.375166585054033
present_day,highlat_north,JJA,0.8229807069228906,0.41605030184890335,0.2454775569337055,0.17057274491519786,0.4099810627637632
present_day,highlat_north,SON,0.9528734165047121,0.5611300440137079,0.35424301046203943,0.2068870335516685,0.3686971242384848
present_day,highlat_south,annual,0.7362815401835119,0.40723645806031217,0.2527265339376967,0.1545099241226155,0.3794108338397649
present_day,highlat_south,DJF,0.5400575492388,0.2644383782546646,0.14806367756781735,0.11637470068684724,0.44008249277180866
present_day,highlat_south,MAM,0.7764468910886984,0.3922896762642174,0.2326168257403452,0.1596728505238722,0.4070279188696476
present_day,highlat_south,JJA,0.8765757819301185,0.5098542440249171,0.32692394952687065,0.18293029449804643,0.35878939254079534
present_day,highlat_south,SON,0.7074856806310232,0.42188910605902624,0.2681369369223083,0.15375216913671796,0.36443740055996277
present_day,arctic_gt_80N,annual,0.789605871609614,0.498835316162926,0.3325948591643485,0.16624045699857748,0.3332571925286084
present_day,arctic_gt_80N,DJF,0.9599238557160623,0.6261361690731603,0.4200415541103174,0.20609461496284287,0.3291530263583319
present_day,arctic_gt_80N,MAM,0.7686395303796189,0.5029789676134633,0.3378585366216869,0.16512043099177637,0.3282849614472758
present_day,arctic_gt_80N,JJA,0.6396212827825318,0.29879214072921634,0.18393184679274788,0.11486029393646846,0.3844153787182838
present_day,arctic_gt_80N,SON,0.7598890911437224,0.5136073870123864,0.3454712035135139,0.1681361834988725,0.32736325012166856
present_day,antarctic_lt_80S,annual,0.9795599669691946,0.449066873468238,0.26694484976647176,0.18212202370176622,0.40555657622928076
present_day,antarctic_lt_80S,DJF,0.6889311508755026,0.32644864023817066,0.19280507823442322,0.13364356200374744,0.40938618064466026
present_day,antarctic_lt_80S,MAM,1.0598710472312043,0.48639977379180394,0.28927310073409124,0.1971266730577127,0.4052770656552357
present_day,antarctic_lt_80S,JJA,1.158143383966283,0.5331329876522997,0.31889739069762335,0.2142355969546763,0.4018426957560487
present_day,antarctic_lt_80S,SON,0.9430559683196085,0.4210370608981373,0.24853428311942358,0.17250277777871373,0.4097092484227839
mid_holocene,global,annual,0.7193696817532332,0.321967686621277,0.21481299147764418,0.10715469514363282,0.3328119547278555
mid_holocene,global,DJF,0.7439157498516404,0.3649607832881877,0.24298695448694552,0.12197382880124219,0.334210782052511
mid_holocene,global,MAM,0.7132692622539162,0.31438515513245585,0.20826368904028064,0.10612146609217521,0.33755240780203
mid_holocene,global,JJA,0.7215882859078258,0.29395488402846237,0.19552691856765111,0.09842796546081126,0.3348403813262749
mid_holocene,global,SON,0.6981702248896361,0.31091458209218575,0.21010280950614824,0.10081177258603752,0.3242426646819253
mid_holocene,land,annual,1.2359305827476668,0.5003045022325215,0.33293435253898546,0.16737014969353609,0.3345365651251907
mid_holocene,land,DJF,1.2679505384132497,0.5872859691702949,0.3917602463350421,0.19552572283525277,0.3329310303658154
mid_holocene,land,MAM,1.2334138266411871,0.48283858215384723,0.32071517585392684,0.1621234062999204,0.3357714405852159
mid_holocene,land,JJA,1.2410284105068135,0.4362001265971823,0.28489143353254315,0.15130869306463918,0.34687906728731466
mid_holocene,land,SON,1.2006059974256986,0.48420179450193274,0.32651179132958247,0.15769000317235027,0.3256700098242218
mid_holocene,ocean,annual,0.319703839598574,0.20825576555196476,0.13979431920081267,0.06846144635115209,0.32873733973079045
mid_holocene,ocean,DJF,0.34631221737179874,0.2148274684186695,0.14218170137983763,0.07264576703883188,0.33815865156151803
mid_holocene,ocean,MAM,0.304027448816655,0.20885781546016471,0.13753645219614194,0.07132136326402277,0.3414828557259608
mid_holocene,ocean,JJA,0.3186379827792767,0.20906028568396495,0.14345317048349204,0.06560711520047291,0.3138191215315316
mid_holocene,ocean,SON,0.3085318928539881,0.20004285604313218,0.1358657681131078,0.06417708793002438,0.32081669497953413
mid_holocene,elevation_gt_1000m,annual,1.836846513924183,0.6258201392092997,0.4312862220802102,0.19453391712908946,0.3108463677357456
mid_holocene,elevation_gt_1000m,DJF,1.8150996352965247,0.7401890812679832,0.5185084727586066,0.22168060850937665,0.2994918651456274
mid_holocene,elevation_gt_1000m,MAM,1.8738831708700088,0.6113116748078012,0.41564668832520485,0.1956649864825964,0.3200740220512135
mid_holocene,elevation_gt_1000m,JJA,1.8651178177736585,0.5274830223163526,0.3511267643567776,0.176356257959575,0.33433542028544594
mid_holocene,elevation_gt_1000m,SON,1.7911138960799913,0.6077592243008837,0.4249349174815109,0.18282430681937278,0.3008170003995889
mid_holocene,elevation_le_1000m,annual,0.5353873304472433,0.28352963819418964,0.18665845063984238,0.09687118755434726,0.34166159196380064
mid_holocene,elevation_le_1000m,DJF,0.5760890284489038,0.3157263549343609,0.20515041984551297,0.11057593508884794,0.3502271297935724
mid_holocene,elevation_le_1000m,MAM,0.515835959320023,0.2768113117695818,0.18143057721059658,0.09538073455898521,0.3445694973563086
mid_holocene,elevation_le_1000m,JJA,0.5306945223446866,0.2662828363591328,0.17707792673475928,0.08920490962437352,0.3350005987770981
mid_holocene,elevation_le_1000m,SON,0.5172703804463237,0.27318301759680874,0.18198265722434398,0.09120036037246476,0.333843447424933
mid_holocene,tropics,annual,0.5863211039053189,0.1796431026068604,0.13113209618013516,0.048511006426725234,0.2700410186796264
mid_holocene,tropics,DJF,0.5823447072451096,0.1825201349360724,0.1306927592044022,0.05182737573167018,0.2839542922199937
mid_holocene,tropics,MAM,0.5934393614911095,0.18337254447908258,0.13408088074417152,0.04929166373491106,0.26880612839254026
mid_holocene,tropics,JJA,0.590974259623557,0.17641782343453494,0.13019747147109426,0.04622035196344068,0.2619936640392353
mid_holocene,tropics,SON,0.5782361199154462,0.17615224888523448,0.12948394654192216,0.04666830234331232,0.2649316295343884
mid_holocene,midlat_north,annual,1.0068882807330342,0.4309767446494566,0.29546951493051893,0.1355072297189377,0.3144188901170414
mid_holocene,midlat_north,DJF,1.0356455621547818,0.5274630608052648,0.36405594357294,0.16340711723232482,0.30979821977079347
mid_holocene,midlat_north,MAM,1.013738193961469,0.4245730208194421,0.29013897565979746,0.13443404515964463,0.31663350841318605
mid_holocene,midlat_north,JJA,1.01579912639838,0.3564111424081913,0.23752483313880654,0.11888630926938473,0.33356507449822204
mid_holocene,midlat_north,SON,0.9608857718074683,0.39854517928347394,0.27708954100034733,0.12145563828312661,0.3047474780688255
mid_holocene,midlat_south,annual,0.3905438659607539,0.1947087993799695,0.13116728612720613,0.06354151325276336,0.32634125142317605
mid_holocene,midlat_south,DJF,0.3903302719895276,0.18415652241041713,0.11851708733848625,0.06563943507193089,0.35643285512117096
mid_holocene,midlat_south,MAM,0.3790481603164983,0.18466976227053244,0.1247243117136216,0.05994545055691085,0.324608911712864
mid_holocene,midlat_south,JJA,0.4030449506308924,0.21971934592649506,0.15204828665873943,0.06767105926775563,0.3079886251363333
mid_holocene,midlat_south,SON,0.38936430583616366,0.18775407213217954,0.12660285668920726,0.06115121544297228,0.3256984775271431
mid_holocene,highlat_north,annual,1.0137476553796294,0.6206479039856565,0.38210682119918477,0.23854108278647174,0.3843420420090302
mid_holocene,highlat_north,DJF,1.3099801128178332,0.7995034424104651,0.5009318918829894,0.29857155052747575,0.37344623511225494
mid_holocene,highlat_north,MAM,0.8314723543669653,0.5673195830694745,0.3452378679028357,0.22208171516663877,0.3914578692402416
mid_holocene,highlat_north,JJA,0.8366669263083454,0.4491254812576839,0.2578074464123164,0.19131803484536752,0.4259790255267204
mid_holocene,highlat_north,SON,1.007805187590177,0.6185609876648862,0.38648845450602765,0.23207253315885856,0.3751813285783665
mid_holocene,highlat_south,annual,0.7588715345230302,0.4500282535041719,0.2847535776964665,0.16527467580770544,0.36725399910068823
mid_holocene,highlat_south,DJF,0.5689505055999268,0.2984000490401442,0.1654997338002248,0.1329003152399194,0.4453763183599213
mid_holocene,highlat_south,MAM,0.8143260825224072,0.4509275106294232,0.26831200412255896,0.18261550650686426,0.4049775234426527
mid_holocene,highlat_south,JJA,0.8918568028822047,0.551672202519778,0.36440804160930035,0.18726416091047765,0.33944824490910264
mid_holocene,highlat_south,SON,0.7183907783450509,0.4598066360209015,0.30216224017565835,0.15764439584524315,0.3428493272943479
mid_holocene,arctic_gt_80N,annual,0.820333022927743,0.5112963154563915,0.3279064330021077,0.18338988245428384,0.3586763231230935
mid_holocene,arctic_gt_80N,DJF,0.97100516111638,0.611190859805628,0.3914152537687768,0.21977560603685126,0.35958588468869557
mid_holocene,arctic_gt_80N,MAM,0.8007747304471219,0.5214559868860746,0.3319884878247644,0.18946749906131022,0.363343223255972
mid_holocene,arctic_gt_80N,JJA,0.6528786663450135,0.331048853917188,0.19978722241276387,0.13126163150442416,0.3965022985316219
mid_holocene,arctic_gt_80N,SON,0.8285408946039823,0.5413006244304313,0.3574931332660236,0.18380749116440764,0.33956637563057324
mid_holocene,antarctic_lt_80S,annual,0.9997071694790964,0.4732827304291931,0.2768937469537219,0.19638898347547123,0.4149506644735954
mid_holocene,antarctic_lt_80S,DJF,0.7049994793375576,0.3530343522753733,0.19924174225698948,0.1537926100183838,0.4356307226964211
mid_holocene,antarctic_lt_80S,MAM,1.1083659261780352,0.5301307706324581,0.3083540029013484,0.22177676773110966,0.41834351072759823
mid_holocene,antarctic_lt_80S,JJA,1.1671498368942583,0.5386858047680326,0.3181013187398298,0.22058448602820285,0.4094863537812925
mid_holocene,antarctic_lt_80S,SON,0.9485435788781941,0.44502786222347573,0.2645185265038808,0.18050933571959493,0.4056135605032076
ssp585,global,annual,0.6763885225851937,0.3154044438716793,0.19430388253472836,0.12110056133695096,0.383953250152113
ssp585,global,DJF,0.6727435663225202,0.3396438761206878,0.21234331422489816,0.12730056189578964,0.37480599782860546
ssp585,global,MAM,0.6773387403283014,0.3134843352953323,0.18924647514795573,0.12423786014737659,0.396312817450137
ssp585,global,JJA,0.7033754286639428,0.31207702377617685,0.19194783137912752,0.12012919239704933,0.38493443363266167
ssp585,global,SON,0.6507209246175534,0.29504224930068834,0.18262850654030185,0.11241374276038649,0.38100896745069734
ssp585,land,annual,1.1683700311617502,0.49936151646794225,0.30929909902094443,0.1900624174469978,0.38061086242956277
ssp585,land,DJF,1.1541776961652117,0.5533509841088451,0.3514189148683741,0.20193206924047097,0.3649258337647604
ssp585,land,MAM,1.1777298721873635,0.4935804660277142,0.2984368775984701,0.19514358842924412,0.3953632727805053
ssp585,land,JJA,1.2107498912987962,0.47854229213148924,0.29035358216098534,0.1881887099705039,0.3932540823764752
ssp585,land,SON,1.1285717679010163,0.4683259192793308,0.2935983102018276,0.17472760907750323,0.3730897690787166
ssp585,ocean,annual,0.29041367547474173,0.19456324462967198,0.11808076176359308,0.0764824828660789,0.3930983111000961
ssp585,ocean,DJF,0.3015848599698841,0.1920752826651555,0.11336946622642652,0.07870581643872898,0.4097654593898825
ssp585,ocean,MAM,0.2777168798242138,0.19624214835380335,0.11798281680012507,0.07825933155367829,0.3987896188976956
ssp585,ocean,JJA,0.30891690492230045,0.20803688931799835,0.13164316484046892,0.07639372447752943,0.36721239549374574
ssp585,ocean,SON,0.27176555884146697,0.18072718438938087,0.10781840653298438,0.07290877785639649,0.40341898814354815
ssp585,elevation_gt_1000m,annual,1.7377257731077067,0.6240280104416887,0.3940959120213629,0.22993209842032575,0.3684643871315636
ssp585,elevation_gt_1000m,DJF,1.6706734345631724,0.7040836145259856,0.4653136423399402,0.23876997218604534,0.33912161462072066
ssp585,elevation_gt_1000m,MAM,1.7772302309781296,0.6228295522591123,0.37881422222525896,0.24401533003385334,0.3917850865437692
ssp585,elevation_gt_1000m,JJA,1.8009792410548124,0.5710221262129029,0.34398737393850587,0.22703475227439707,0.3975936165208215
ssp585,elevation_gt_1000m,SON,1.697021003508157,0.5911164124931458,0.3793239288311822,0.21179248366196363,0.35829234172113167
ssp585,elevation_le_1000m,annual,0.5004342307305012,0.27576942175644215,0.16808751693690055,0.1076819048195416,0.39047804551240495
ssp585,elevation_le_1000m,DJF,0.5134095389374618,0.2908906130913789,0.17673583554208655,0.11415477754929237,0.39243197412297515
ssp585,elevation_le_1000m,MAM,0.49051282380815553,0.27361362378493953,0.16465549086812328,0.10895813291681625,0.39821896077242636
ssp585,elevation_le_1000m,JJA,0.5221011861777558,0.2809117926892078,0.17395050023053002,0.10696129245867778,0.3807646928408466
ssp585,elevation_le_1000m,SON,0.47425393206655403,0.2566051973053512,0.1562697991605862,0.100335398144765,0.39101077919855765
ssp585,tropics,annual,0.5733655133997941,0.19824088628410502,0.13912558712775688,0.05911529915634814,0.2981993284252584
ssp585,tropics,DJF,0.562227824858639,0.1966583537765697,0.13869920080075615,0.057959152975813555,0.2947200150046152
ssp585,tropics,MAM,0.5749588270015186,0.2020170982587384,0.1399020066391061,0.0621150916196323,0.30747442743721054
ssp585,tropics,JJA,0.5822295951332823,0.19779914610621266,0.13819922196638132,0.05959992413983134,0.30131537629504135
ssp585,tropics,SON,0.5736703221559065,0.1963889314873478,0.13969332786152275,0.05669560362582504,0.2886904226039725
ssp585,midlat_north,annual,0.9475111294104877,0.418621170285247,0.26033373652834146,0.15828743375690552,0.3781161704006728
ssp585,midlat_north,DJF,0.9294876454522704,0.4704842392119089,0.30264042756511506,0.16784381164679385,0.35674693785267475
ssp585,midlat_north,MAM,0.9716469524874317,0.4231318677396758,0.25581914395350264,0.16731272378617318,0.3954150857980503
ssp585,midlat_north,JJA,0.9943524508664953,0.3934988206823404,0.23828396584598013,0.15521485483636024,0.3944480813620036
ssp585,midlat_north,SON,0.8902646077441565,0.38243654468832267,0.2400033718364934,0.14243317285182927,0.3724360938568493
ssp585,midlat_south,annual,0.37299175087982017,0.20831878007784593,0.12927060441748392,0.07904817566036201,0.3794577504285632
ssp585,midlat_south,DJF,0.3813139385553158,0.21519000162631,0.1318489640176882,0.0833410376086218,0.3872904734363466
ssp585,midlat_south,MAM,0.35961013487136634,0.20677848260741952,0.12916369636479505,0.07761478624262447,0.37535233484608
ssp585,midlat_south,JJA,0.37182938715418457,0.20951544890120682,0.132018445432313,0.07749700346889382,0.3698868215939347
ssp585,midlat_south,SON,0.3790484865198988,0.20161573811464212,0.12387341515722984,0.07774232295741228,0.3855964999776291
ssp585,highlat_north,annual,0.8967167917555577,0.5901284847746177,0.3344419215498341,0.25568656322478356,0.4332727021683008
ssp585,highlat_north,DJF,1.0724239421745025,0.6931726137441488,0.39700476491611053,0.2961678488280383,0.4272642094561375
ssp585,highlat_north,MAM,0.7755973553748625,0.5500377972161007,0.2991620614054948,0.2508757358106059,0.4561063568364939
ssp585,highlat_north,JJA,0.9005632433722893,0.579696825395817,0.3447267746353698,0.2349700507604472,0.405332650562662
ssp585,highlat_north,SON,0.8114370506431284,0.5249127833836339,0.28629085703229723,0.23862192635133667,0.4545934751544033
ssp585,highlat_south,annual,0.6644862112736385,0.3757777897018622,0.19642611866468865,0.17935167103717356,0.47728119104502986
ssp585,highlat_south,DJF,0.4891069772308569,0.2991176041671271,0.14264891589184897,0.15646868827527816,0.5231009011019419
ssp585,highlat_south,MAM,0.7086231114335164,0.37361794075345023,0.19038734018990855,0.18323060056354168,0.4904223822711319
ssp585,highlat_south,JJA,0.7820472511998654,0.4428029030865187,0.23879309876641472,0.204009804320104,0.4607237280922767
ssp585,highlat_south,SON,0.6396722154520533,0.37247216073260453,0.20100781377224225,0.17146434696036228,0.46034137591146174
ssp585,arctic_gt_80N,annual,0.7294091171624003,0.5263245794933777,0.33833805758651797,0.18798652190685977,0.35716842653977754
ssp585,arctic_gt_80N,DJF,0.8069403199726356,0.5923329091829379,0.38282827398076386,0.20950463520217405,0.35369406621550714
ssp585,arctic_gt_80N,MAM,0.6913870597621208,0.5336111401664656,0.3251774212557088,0.2084337189107568,0.3906097590948602
ssp585,arctic_gt_80N,JJA,0.6773328702998916,0.4692198922914864,0.3203968820861451,0.14882301020534133,0.3171711443829629
ssp585,arctic_gt_80N,SON,0.7365279287597866,0.5033732559366031,0.32155784323003134,0.18181541270657176,0.3611940256306949
ssp585,antarctic_lt_80S,annual,0.8983131670001946,0.4575798585399094,0.25693296926711934,0.20064688927279006,0.4384958942752284
ssp585,antarctic_lt_80S,DJF,0.6572038410532007,0.3480864889238579,0.19225086711304562,0.15583562181081229,0.44769224537439745
ssp585,antarctic_lt_80S,MAM,0.9571799662711808,0.48493774807242435,0.27034461859174397,0.21459312948068038,0.44251685981069755
ssp585,antarctic_lt_80S,JJA,1.0445157598085508,0.5301477028278536,0.2998223744027913,0.23032532842506231,0.43445501545415954
ssp585,antarctic_lt_80S,SON,0.8841229161764618,0.445437555642451,0.2521213414361815,0.19331621420626954,0.4339917273644588
