climate,kind,quantity,value_K2,ci_lo_95,ci_hi_95
present_day,level,F,0.0782930761585557,,
present_day,level,M,0.008941998977822269,,
present_day,level,B,0.00030990620210856175,,
present_day,level,V,0.00863209277571371,,
present_day,level,E_in,0.000921338863638266,,
present_day,level,E_out,0.038492948836718874,,
present_day,level,B_over_M,0.03465737391350454,,
mid_holocene,level,F,0.09086951761143222,,
mid_holocene,level,M,0.012793673641607576,,
mid_holocene,level,B,0.0023335392176574146,,
mid_holocene,level,V,0.010460134423950163,,
mid_holocene,level,E_in,0.0011316870786756813,,
mid_holocene,level,E_out,0.0450129330422585,,
mid_holocene,level,B_over_M,0.18239790094912847,,
ssp585,level,F,0.07364986161522649,,
ssp585,level,M,0.025830101657311744,,
ssp585,level,B,0.016816724299385636,,
ssp585,level,V,0.009013377357926105,,
ssp585,level,E_in,0.0012742627801738437,,
ssp585,level,E_out,0.036479735088052044,,
ssp585,level,B_over_M,0.6510514175473759,,
mid_holocene - present_day,change_vs_present_day,delta_F,0.012576441452876522,0.0026583387134133407,0.02282274303471509
mid_holocene - present_day,change_vs_present_day,delta_M,0.0038516746637853073,0.0027787480249676926,0.004940272529801533
mid_holocene - present_day,change_vs_present_day,delta_B,0.002023633015548853,0.0016461375087077135,0.0025529292935037194
mid_holocene - present_day,change_vs_present_day,delta_V,0.001828041648236453,0.0008391828659975221,0.002735304193552265
mid_holocene - present_day,change_vs_present_day,delta_E_in,0.00021034821503741535,3.211334615418043e-05,0.0003928393891266526
mid_holocene - present_day,change_vs_present_day,delta_E_out,0.0065199842055396265,0.001916540819938404,0.011275615357973797
ssp585 - present_day,change_vs_present_day,delta_F,-0.004643214543329208,-0.012458269262817318,0.0030039385324465017
ssp585 - present_day,change_vs_present_day,delta_M,0.016888102679489474,0.01596793809006431,0.01778888678153959
ssp585 - present_day,change_vs_present_day,delta_B,0.016506818097277075,0.016235282791267788,0.01692440338884347
ssp585 - present_day,change_vs_present_day,delta_V,0.00038128458221239545,-0.0005113828083836085,0.001118792649443593
ssp585 - present_day,change_vs_present_day,delta_E_in,0.0003529239165355777,0.00020418353152500856,0.0005043152047978042
ssp585 - present_day,change_vs_present_day,delta_E_out,-0.0020132137486668297,-0.0056941548646404425,0.0016422944254200621
