model,delta_K,rmse_K,rmse_ci_lo_K,rmse_ci_hi_K,rmse_bootstrap_median_K,rmse_bootstrap_sd_K,delta_rmse_K,delta_rmse_ci_lo_K,delta_rmse_ci_hi_K,pred_correction_change_rms_K,n_days,n_resamples
CCA,-6.0,0.35068920505693413,0.34112295466831355,0.3603494214635427,0.3505522737081026,0.004893352824446872,0.05533309405970366,0.05310936926673561,0.05765259018926548,0.20064415580822353,1096,10000
CCA,-5.5,0.3419483512161337,0.33212844807876885,0.35187513477580945,0.3418112767578997,0.005032692463908942,0.046592240218903236,0.04463258013908714,0.04863259989870384,0.18392380949087156,1096,10000
CCA,-5.0,0.3338166730667369,0.3237036816172532,0.34400759495738126,0.3336778138040545,0.005170020556125665,0.03846056206950643,0.03677293702015928,0.0402265314970425,0.1672034631735196,1096,10000
CCA,-4.5,0.32633971179922544,0.31594973961061634,0.3368029196371218,0.32619404008987135,0.005303676688170318,0.03098360080199497,0.029554467225448175,0.03249201127434414,0.15048311685616766,1096,10000
CCA,-4.0,0.31956342678567345,0.308929575162106,0.33029382177729283,0.3194146898942707,0.0054317988898439536,0.024207315788442985,0.02302145852361328,0.025457412084127277,0.1337627705388157,1096,10000
CCA,-3.5,0.31353325173376434,0.30265960610426923,0.32447575800280354,0.3133842538982604,0.005552362455661377,0.01817714073653387,0.017221538234289475,0.019178018935332317,0.11704242422146373,1096,10000
CCA,-3.0,0.3082929712277556,0.2971922583610792,0.31944057990328434,0.30813913357518874,0.005663240999886672,0.012936860230525149,0.012201118724364789,0.013714431591500029,0.10032207790411177,1096,10000
CCA,-2.5,0.3038834517312057,0.29258087200662236,0.31522302389684775,0.30372730490378547,0.005762289943848425,0.008527340733975208,0.007981294124015801,0.009109024157444013,0.0836017315867598,1096,10000
CCA,-2.0,0.30034128641538843,0.2888959650718769,0.3118458602531769,0.30018499952064165,0.005847449308821363,0.004985175418157961,0.004600178184174396,0.005389543639660517,0.06688138526940784,1096,10000
CCA,-1.5,0.2976974376395831,0.28611718975670314,0.309336743872563,0.2975448053362951,0.0059168587733856096,0.002341326642352648,0.0020925301836371714,0.0026024462682065373,0.050161038952055884,1096,10000
CCA,-1.0,0.2959759794149525,0.28431324486089776,0.30771063706826074,0.29581235147235424,0.005968974237679766,0.000619868417722047,0.0004807751757180068,0.0007681113741693432,0.03344069263470392,1096,10000
CCA,-0.5,0.2951930493186659,0.2834623204960775,0.306977801425055,0.2950439159616658,0.006002672651849734,-0.00016306167856455778,-0.0002214949175457323,-9.986345177079443e-05,0.01672034631735196,1096,10000
CCA,+0.0,0.29535611099723047,0.2836189234394907,0.3071750090007746,0.2952103103577439,0.006017331587796061,0.0,0.0,0.0,0.0,1096,10000
CCA,+0.5,0.29646360350422235,0.2847312957816967,0.3082658652177122,0.29632687560304194,0.006012872482541947,0.0011074925069918806,0.0010513127598580612,0.0011595459821908253,0.01672034631735196,1096,10000
CCA,+1.0,0.298505015140372,0.28683573188298556,0.31026345873949684,0.2983711280501676,0.005989761413233597,0.0031489041431415066,0.003028610513754855,0.003268178570810834,0.03344069263470392,1096,10000
CCA,+1.5,0.30146137378964943,0.28987442170753014,0.31313691716950814,0.3013295026670668,0.005948967631622751,0.006105262792418964,0.005901653786808507,0.006318575924276683,0.050161038952055884,1096,10000
CCA,+2.0,0.3053061015968664,0.2938323139845048,0.31687541716787093,0.30517034149818467,0.005891886351952326,0.009949990599635916,0.009634492465214063,0.010290962675531156,0.06688138526940784,1096,10000
CCA,+2.5,0.31000614738961885,0.29869504786000023,0.3214305710154272,0.3098720849523812,0.005820236958831036,0.014650036392388377,0.014197747688478323,0.015140418892627537,0.0836017315867598,1096,10000
CCA,+3.0,0.31552329094438675,0.30439942524551744,0.32678270548937094,0.31538593854955654,0.005735949947973844,0.020167179947156277,0.019553066224582014,0.02083208926134678,0.10032207790411177,1096,10000
CCA,+3.5,0.32181551050150287,0.3108826684310216,0.3328900974203115,0.3216872982876811,0.005641055408846066,0.026459399504272396,0.025664747696289642,0.02731881646632352,0.11704242422146373,1096,10000
CCA,+4.0,0.32883831655124074,0.31811499489234485,0.33971780691423653,0.32872252186297174,0.005537583298119875,0.03348220555401027,0.03248611922616032,0.03455762876515851,0.1337627705388157,1096,10000
CCA,+4.5,0.3365459760970397,0.32603747458348487,0.3472388112805608,0.336426640043098,0.005427482115115335,0.04118986509980921,0.03998943676347284,0.042491180003952495,0.15048311685616766,1096,10000
CCA,+5.0,0.3448925768756251,0.3346098856822452,0.35537334267716736,0.3447746085158899,0.005312558856505168,0.04953646587839461,0.048127111428160264,0.05107530195684069,0.1672034631735196,1096,10000
CCA,+5.5,0.35383290562446723,0.3437941076876206,0.3640885046527668,0.3537202140596355,0.005194440011306033,0.05847679462723676,0.05683463029891626,0.060258723773112116,0.18392380949087156,1096,10000
CCA,+6.0,0.3633231352162171,0.353525959926795,0.373337428352148,0.363214540700288,0.005074551207388322,0.06796702421898665,0.066094863741159,0.0699914809174267,0.20064415580822353,1096,10000
U-Net,-6.0,0.20986517407527908,0.20218305191771016,0.2175295510203739,0.20977066785139226,0.0039166380983221534,0.011334855126729826,0.010911644643550936,0.01181782713847017,0.0746769512277795,1096,10000
U-Net,-5.5,0.20823163330122657,0.20051798377637708,0.21591661654024494,0.20813499411840028,0.003926826930238246,0.00970131435267732,0.00932105571910242,0.010130432038732401,0.06917405760177478,1096,10000
U-Net,-5.0,0.2066826840426829,0.19895564269290478,0.21440081889624085,0.20658113964090613,0.003936526232839477,0.00815236509413364,0.00781972809689692,0.008527813450996197,0.06352369225399601,1096,10000
U-Net,-4.5,0.20523029275695878,0.1974819823016019,0.21295516108926926,0.2051256047102767,0.003945558167409312,0.006699973808409532,0.006408343083706134,0.007018586364074788,0.05772681593244428,1096,10000
U-Net,-4.0,0.2038869215057591,0.19610749261967278,0.21162183448205243,0.20378711490255064,0.003953719071213611,0.00535660255720985,0.005105432597263868,0.005622026019802565,0.05178591707448261,1096,10000
U-Net,-3.5,0.2026653715596201,0.19485661621522038,0.21041593656920948,0.2025740004873411,0.003960791984092642,0.004135052611070861,0.003926861650486385,0.0043504712264460735,0.04570536743893324,1096,10000
U-Net,-3.0,0.20157849572790906,0.19374662518069624,0.2093425130507029,0.20148561834883594,0.003966569004168293,0.0030481767793598125,0.002878623622688881,0.0032182892427897437,0.03949143070700005,1096,10000
U-Net,-2.5,0.20063890247893953,0.19278587673456207,0.20842054734801785,0.20055190230110426,0.003970881541990159,0.0021085835303902845,0.001975738408185921,0.0022374473534891304,0.03315241181207721,1096,10000
U-Net,-2.0,0.19985859555285762,0.19200187835952412,0.2076475352157105,0.19977068455371683,0.003973616210726657,0.0013282766043083705,0.0012295666602340008,0.0014212915282400193,0.026698582323572126,1096,10000
U-Net,-1.5,0.19924862774638583,0.19140059395317235,0.207049121451212,0.19915833542330674,0.003974738078947115,0.0007183087978365754,0.0006510391890056858,0.000779898233740469,0.020142131628740758,1096,10000
U-Net,-1.0,0.19881877111560947,0.19098387842327139,0.2066227475318013,0.19873142796812007,0.003974296992715173,0.00028845216706022136,0.00024716758275243405,0.00032519714864354327,0.013496665953976405,1096,10000
U-Net,-0.5,0.19857721285894403,0.19074302648953806,0.20636798552400037,0.198492487692165,0.003972437622577016,4.6893910394779637e-05,2.8110285912378435e-05,6.375995144560219e-05,0.0067772165503947514,1096,10000
U-Net,+0.0,0.19853031894854925,0.1907057813607995,0.20631641820633398,0.1984456646588894,0.003969404710328406,0.0,0.0,0.0,0.0,1096,10000
U-Net,+0.5,0.19868239282978184,0.1908593694946078,0.20646599786045397,0.19859635565628847,0.003965540780437448,0.00015207388123258947,0.00013539050781495726,0.00017020280191725398,0.0068182691377784085,1096,10000
U-Net,+1.0,0.19903556150291332,0.1912131603694307,0.20680855425716912,0.1989429437332755,0.00396128578301143,0.0005052425543640715,0.00046938023254547017,0.000544686835204447,0.013660400077184632,1096,10000
U-Net,+1.5,0.19958970185154734,0.19177431551887794,0.207339976680587,0.19949556236997526,0.0039571733524587085,0.0010593829029980906,0.0009998386753855288,0.0011260012659545064,0.020509495921151207,1096,10000
U-Net,+2.0,0.20034251393831548,0.19252959405241502,0.20809443225377122,0.20025277576925776,0.003953808125789982,0.0018121949897662304,0.0017236785681748724,0.0019120673422301602,0.02734928907804542,1096,10000
U-Net,+2.5,0.20128964874984956,0.19348660014863164,0.20902741690162172,0.201200850292723,0.003951842000124604,0.0027593298013003087,0.0026344918294831134,0.0029002193310501043,0.03416458658454874,1096,10000
U-Net,+3.0,0.2024250086357207,0.19463295193589508,0.21014729243382269,0.20233724772403316,0.003951938126125899,0.0038946896871714376,0.00372689555850906,0.004082563241995996,0.04094175577883651,1096,10000
U-Net,+3.5,0.20374109063351456,0.19595518157710376,0.2114694183461924,0.20365145766496975,0.003954730885564922,0.00521077168496531,0.0049926611587954774,0.005451542295969864,0.04766908375380121,1096,10000
U-Net,+4.0,0.20522937636814767,0.19745255839613687,0.21298459168981007,0.20513800897001333,0.003960782262844444,0.00669905741959842,0.006424341420577168,0.006996408215539823,0.0543370563124685,1096,10000
U-Net,+4.5,0.20688080669043604,0.19909752396819042,0.21463829980655963,0.20678923382689862,0.003970560814667286,0.008350487741886792,0.008016617111405364,0.0087061686379082,0.06093858010901248,1096,10000
U-Net,+5.0,0.2086861418091763,0.2008722337540782,0.21644144908858742,0.2085959563655827,0.003984423781306173,0.01015582286062705,0.009755073453584841,0.010570887045747736,0.06746898630022226,1096,10000
U-Net,+5.5,0.21063634535139295,0.20279887671182206,0.21841970561696208,0.21054649995830327,0.0040026223454711326,0.012106026402843695,0.011637947173986748,0.012579489124462785,0.07392590589614856,1096,10000
U-Net,+6.0,0.2127228688176549,0.2048286268525444,0.22055904449686398,0.21263674107426517,0.004025325461866356,0.014192549869105647,0.01364980492792574,0.014726756931449165,0.08030916876535082,1096,10000
